{"cameraMode":{"drawMode":0,"name":"Shaded","section":"Shading Mode"},"sceneLighting":false,"audioPlay":false,"sceneViewState":{"m_AlwaysRefresh":false,"showFog":true,"showSkybox":true,"showFlares":true,"showImageEffects":true,"showParticleSystems":true,"showVisualEffectGraphs":true,"m_FxEnabled":true},"in2DMode":false,"pivot":{"x":-9.426304817199707,"y":7.231864929199219,"z":-23.02941131591797},"rotation":{"x":0.21990837156772614,"y":0.006595548242330551,"z":-0.0015501459129154683,"w":0.9756109714508057},"size":0.5364998579025269,"orthographic":false}