{"cameraMode":{"drawMode":0,"name":"Shaded","section":"Shading Mode"},"sceneLighting":false,"audioPlay":false,"sceneViewState":{"m_AlwaysRefresh":false,"showFog":true,"showSkybox":true,"showFlares":true,"showImageEffects":true,"showParticleSystems":true,"showVisualEffectGraphs":true,"m_FxEnabled":true},"in2DMode":false,"pivot":{"x":-9.797614097595215,"y":1.8783388137817383,"z":-10.828961372375489},"rotation":{"x":0.09465133398771286,"y":0.013135159388184548,"z":-0.0012337055522948504,"w":0.9954603314399719},"size":4.997091293334961,"orthographic":false}