{"cameraMode":{"drawMode":0,"name":"Shaded","section":"Shading Mode"},"sceneLighting":false,"audioPlay":false,"sceneViewState":{"m_AlwaysRefresh":false,"showFog":true,"showSkybox":true,"showFlares":true,"showImageEffects":true,"showParticleSystems":true,"showVisualEffectGraphs":true,"m_FxEnabled":true},"in2DMode":false,"pivot":{"x":-10.172114372253418,"y":1.3182518482208253,"z":-12.313764572143555},"rotation":{"x":0.27330413460731509,"y":-0.022796807810664178,"z":0.006498754024505615,"w":0.9616665244102478},"size":5.607028484344482,"orthographic":false}